source,medicine_category,medicine_type,empirical,pval_two_sided,null_mean,null_std,sig_two_sided
reddit,diabetes,ebm,-18.368930344208533,0.002,-0.2336306028837385,3.736023091540567,True
reddit,diabetes,tcm,2.541112001718348,0.631,-0.314858919075988,5.0687175659009425,False
reddit,eczema,ebm,9.24020500530468,0.363,-0.3695918649550772,10.570043227329709,False
reddit,eczema,tcm,0.0,1.0,0.0,0.0,False
reddit,flu,ebm,0.4408918905409269,0.981,-0.8179573424974221,13.736088986205385,False
reddit,flu,tcm,-7.82608695652174,0.998,-0.21799431976870715,21.287477125903543,False
weibo,diabetes,ebm,-23.168396960116052,0.113,-0.08456399907885845,14.925435293327382,False
weibo,diabetes,tcm,-52.40506927341151,0.124,3.966815222299573,29.900137881736203,False
weibo,eczema,ebm,28.784397733528614,0.059,2.7748079829962675,15.053489383501507,False
weibo,eczema,tcm,19.852872248027765,0.294,-0.3284963280681275,17.99227713218636,False
weibo,flu,ebm,-42.7187637342159,0.093,4.842151636412626,28.181561040020398,False
weibo,flu,tcm,10.435483934821733,0.551,0.2282379123889129,25.283631737807987,False
