source,medicine_category,medicine_type,pval_two_sided,z_stat_two_sided,sig_two_sided
reddit,diabetes,ebm,0.7472071330582366,-0.32232415856899976,False
reddit,diabetes,tcm,0.10335143356457091,-1.6288185641687212,False
reddit,eczema,ebm,0.3161969552037419,1.0023036604178284,False
reddit,eczema,tcm,,,False
reddit,flu,ebm,0.9945981489071106,-0.006770268062967957,False
reddit,flu,tcm,0.11112623579876872,-1.5931513779711308,False
weibo,diabetes,ebm,0.7699684047976147,-0.2924162243914558,False
weibo,diabetes,tcm,0.9487460809721832,0.06428150361035714,False
weibo,eczema,ebm,0.00022231345552428474,3.6922103648820017,True
weibo,eczema,tcm,0.3425348039874845,-0.9491687275377426,False
weibo,flu,ebm,1.7874761599720307e-08,-5.631404817199373,True
weibo,flu,tcm,0.07290419771610016,-1.7934299780250016,False
